{
    "name": "vme",
    "options": {
        "v": 2,
        "filterMask": 4294967295,
        "showGrid": true,
        "isModeloProject": true
    },
    "type": "dev",
    "resources": [
        {
            "name": "/ChinaUnicom/Smarthome/Discovery",
            "type": 10,
            "node": {
                "x": 325.6637084464343,
                "y": 112.07553635100062
            }
        },
        {
            "name": "Discovery",
            "type": 1,
            "timestamp": "2018-06-13T00:05:09.304Z",
            "node": {
                "x": 204.0534306215127,
                "y": 65.65289786501742
            }
        },
        {
            "name": "VME_Test",
            "type": 1,
            "timestamp": "2018-06-24T23:49:27.079Z",
            "node": {
                "x": 298.50798993113636,
                "y": 182.8111012162154
            }
        },
        {
            "name": "VME_Test_Proc",
            "type": 3,
            "timestamp": "2018-06-27T22:55:26.143Z",
            "inventory": {
                "types": [
                    "VME_Test"
                ],
                "typeHash": [
                    "out"
                ],
                "sources": [],
                "sourceHash": [],
                "topics": [],
                "topicHash": [],
                "procedures": [],
                "procedureHash": [],
                "collaborations": [],
                "collaborationHash": []
            },
            "node": {
                "x": 418.29109142780726,
                "y": 269.341178276417
            }
        },
        {
            "name": "capture_discovery",
            "type": 2,
            "timestamp": "2018-06-13T00:11:43.496Z",
            "inventory": {
                "types": [
                    "Discovery"
                ],
                "typeHash": [
                    "out"
                ],
                "sources": [],
                "sourceHash": [],
                "topics": [
                    "/ChinaUnicom/Smarthome/Discovery"
                ],
                "topicHash": [
                    "in"
                ],
                "procedures": [],
                "procedureHash": [],
                "collaborations": [],
                "collaborationHash": []
            },
            "node": {
                "x": 195.12573842386115,
                "y": 217.26722463909536
            }
        }
    ],
    "links": [
        {
            "source": "rule/capture_discovery",
            "target": "type/Discovery"
        },
        {
            "source": "topic//ChinaUnicom/Smarthome/Discovery",
            "target": "rule/capture_discovery"
        },
        {
            "source": "procedure/VME_Test_Proc",
            "target": "type/VME_Test"
        }
    ],
    "tools": [
        {
            "name": "Project Resource Graph",
            "type": 1,
            "toolOptions": {
                "scaleAndTranslationState": {
                    "scale": 0.925304428037853,
                    "translate": [
                        27.030010885622232,
                        54.247172608796674
                    ],
                    "lastZoomRequest": 0
                }
            },
            "pane": {
                "x": 20,
                "y": 20,
                "h": 400,
                "w": 600
            }
        },
        {
            "name": "VME_Test_Proc",
            "type": 24,
            "resourceKey": "procedure/VME_Test_Proc",
            "pane": {
                "x": 20,
                "y": 870,
                "h": 400,
                "w": 600
            }
        }
    ],
    "views": [
        {
            "name": "Main",
            "projectToolKeys": [
                "graph/Project Resource Graph",
                "findrecordresults/All Objects of type VME_Test",
                "cmeditorprocedure/VME_Test_Proc",
                "autopsylist/Autopsies (newest first) @ 2:15:46 PM"
            ]
        }
    ]
}